Model,silhouette,calinski_harabasz,davies_bouldin
K-Means (k=5),0.21175269038261063,1678.2061994568749,1.802836003944903
GMM (k=5),-0.00966086875420848,168.16592136476993,6.132394002137754
